<?xml version="1.0"?>
<!DOCTYPE book PUBLIC "-//OASIS//DTD DocBook XML V4.3//EN"
               "http://www.oasis-open.org/docbook/xml/4.3/docbookx.dtd" [
  <!ENTITY % local.common.attrib "xmlns:xi  CDATA  #FIXED 'http://www.w3.org/2003/XInclude'">
  <!ENTITY version SYSTEM "version.xml">
]>
<book id="index">
  <bookinfo>
    <title>HarfBuzz Reference Manual</title>
    <releaseinfo>
      for HarfBuzz &version;.
      <!--The latest version of this documentation can be found on-line at
      <ulink role="online-location" url="http://[SERVER]/libharfbuzz/index.html">http://[SERVER]/libharfbuzz/</ulink>.-->
    </releaseinfo>
  </bookinfo>

  <chapter>
    <title>[Insert title here]</title>
    <xi:include href="xml/hb.xml"/>
    <xi:include href="xml/hb-common.xml"/>
    <xi:include href="xml/hb-unicode.xml"/>
    <xi:include href="xml/hb-buffer.xml"/>
    <xi:include href="xml/hb-blob.xml"/>
    <xi:include href="xml/hb-face.xml"/>
    <xi:include href="xml/hb-font.xml"/>
    <xi:include href="xml/hb-shape.xml"/>

    <xi:include href="xml/hb-version.xml"/>
    <xi:include href="xml/hb-deprecated.xml"/>

    <xi:include href="xml/hb-set.xml"/>

    <xi:include href="xml/hb-ot.xml"/>
    <xi:include href="xml/hb-ot-layout.xml"/>
    <xi:include href="xml/hb-ot-tag.xml"/>

    <xi:include href="xml/hb-shape-plan.xml"/>

    <xi:include href="xml/hb-glib.xml"/>
    <xi:include href="xml/hb-icu.xml"/>

    <xi:include href="xml/hb-ft.xml"/>

    <xi:include href="xml/hb-graphite2.xml"/>
    <xi:include href="xml/hb-uniscribe.xml"/>
    <xi:include href="xml/hb-coretext.xml"/>

    <xi:include href="xml/hb-gobject.xml"/>

  </chapter>
  <chapter id="object-tree">
    <title>Object Hierarchy</title>
     <xi:include href="xml/tree_index.sgml"/>
  </chapter>
  <index id="api-index-full">
    <title>API Index</title>
    <xi:include href="xml/api-index-full.xml"><xi:fallback /></xi:include>
  </index>
  <index id="deprecated-api-index" role="deprecated">
    <title>Index of deprecated API</title>
    <xi:include href="xml/api-index-deprecated.xml"><xi:fallback /></xi:include>
  </index>

  <xi:include href="xml/annotation-glossary.xml"><xi:fallback /></xi:include>
</book>
